produit,pays,valeur_2000,valeur_2001,valeur_2002,valeur_2003,valeur_2004,valeur_2005,valeur_2006,valeur_2007,valeur_2008,valeur_2009,valeur_2010,valeur_2011,valeur_2012,valeur_2013,valeur_2014,valeur_2015,valeur_2016,valeur_2017,valeur_2018,valeur_2019,valeur_2020,valeur_2021,valeur_2022,valeur_2023,poids_2000,poids_2001,poids_2002,poids_2003,poids_2004,poids_2005,poids_2006,poids_2007,poids_2008,poids_2009,poids_2010,poids_2011,poids_2012,poids_2013,poids_2014,poids_2015,poids_2016,poids_2017,poids_2018,poids_2019,poids_2020,poids_2021,poids_2022,poids_2023
CITRON,AFRIQUE DU SUD,0,0,0,0,0,0,0,0,0,0,0,0.0,0.0,0.0,0.0,0.0,0.0,0.0,0.0,0.0,0.0,0.0,36000.0,0.0,0,0,0,0,0,0,0,0,0,0,0,0,0.0,0.0,0.0,0.0,0.0,0.0,0.0,0.0,0.0,0.0,9000.0,0.0
CITRON,ALGERIE,0,0,0,0,0,0,0,0,0,0,0,0.0,250000.0,0.0,0.0,0.0,284544.0,0.0,0.0,0.0,0.0,0.0,0.0,0.0,0,0,0,0,0,0,0,0,0,0,0,0,25000.0,0.0,0.0,0.0,20000.0,0.0,0.0,0.0,0.0,0.0,0.0,0.0
CITRON,ALLEMAGNE,0,0,165,0,0,0,0,1390,241,2778,226013,114.036,0.0,2113.336,100279.63,0.0,623.0,1662.046,742.0,523651.64,542225.0,433935.354,658.578,1728.668,0,0,27,0,0,0,0,380,67,225,20822,15,0.0,191.89,11630.0,0.0,59.0,119.9,30.9,20471.77,27709.78,33025.0,91.0,145.75
CITRON,ANGOLA,0,0,0,0,0,0,0,0,0,0,0,0.0,0.0,0.0,129636.0,715522.0,0.0,0.0,0.0,0.0,0.0,0.0,0.0,0.0,0,0,0,0,0,0,0,0,0,0,0,0,0.0,0.0,24930.0,46890.0,0.0,0.0,0.0,0.0,0.0,0.0,0.0,0.0
CITRON,ARABIE SAOUDITE,0,0,0,180,0,0,0,0,85010,217650,358219,434921.0,11277.0,176320.0,747893.22,3154244.03,5870203.0,5301484.79,229880.0,5189432.775,1766210.0,1176595.832,96200.0,0.0,0,0,0,50,0,0,0,0,17002,20450,72300,131870,1476.0,44000.0,86985.0,418743.0,1029460.0,1109526.0,23222.0,714760.0,275507.0,144719.0,24050.0,0.0
CITRON,ARMENIE,0,0,0,0,0,0,0,0,0,0,0,0.0,0.0,0.0,0.0,0.0,0.0,203632.0,0.0,0.0,0.0,286983.0,0.0,0.0,0,0,0,0,0,0,0,0,0,0,0,0,0.0,0.0,0.0,0.0,0.0,21525.0,0.0,0.0,0.0,35910.0,0.0,0.0
CITRON,AUTRES PAYS,0,0,0,0,0,0,0,0,0,0,210000,0.0,0.0,0.0,0.0,0.0,0.0,0.0,0.0,112338.0,0.0,0.0,2028.0,2760.0,0,0,0,0,0,0,0,0,0,0,70000,0,0.0,0.0,0.0,0.0,0.0,0.0,0.0,14715.0,0.0,0.0,8.5,7.65
CITRON,AVITAILLEMENT,0,0,0,0,0,0,0,0,0,0,0,0.0,0.0,0.0,0.0,0.0,0.0,0.0,0.0,0.0,0.0,0.0,576.0,8221.0,0,0,0,0,0,0,0,0,0,0,0,0,0.0,0.0,0.0,0.0,0.0,0.0,0.0,0.0,0.0,0.0,50.0,412.0
CITRON,AZERBAIDJAN,0,0,0,0,0,0,0,0,129600,0,0,0.0,0.0,0.0,0.0,0.0,0.0,0.0,0.0,0.0,0.0,0.0,0.0,0.0,0,0,0,0,0,0,0,0,43200,0,0,0,0.0,0.0,0.0,0.0,0.0,0.0,0.0,0.0,0.0,0.0,0.0,0.0
CITRON,BAHAMAS,0,0,0,0,0,0,0,0,0,0,0,0.0,0.0,0.0,0.0,0.0,0.0,0.0,0.0,0.0,0.0,0.0,133.0,0.0,0,0,0,0,0,0,0,0,0,0,0,0,0.0,0.0,0.0,0.0,0.0,0.0,0.0,0.0,0.0,0.0,3.0,0.0
CITRON,BAHREIN,0,0,0,0,0,0,0,0,0,0,0,2500.0,0.0,0.0,0.0,289725.0,900.0,0.0,0.0,14.0,0.0,284.0,0.1,13563.0,0,0,0,0,0,0,0,0,0,0,0,100,0.0,0.0,0.0,35475.0,45.0,0.0,0.0,30.0,0.0,9.0,1.0,400.0
CITRON,BELGIQUE,994,4355,13544,0,9666,0,0,0,21516,56584,0,0.0,0.0,0.0,0.0,0.0,10013.0,9576.0,0.0,0.0,7.0,502.168,26615.167,0.0,140,255,1207,0,1056,0,0,0,5400,10470,0,0,0.0,0.0,0.0,0.0,1440.0,1440.0,0.0,0.0,2.1,25.0,2160.0,0.0
CITRON,BOSNIE-HERZEGOVINE,0,0,0,0,0,0,0,0,0,0,0,39600.0,0.0,0.0,0.0,0.0,0.0,0.0,0.0,0.0,468339.0,0.0,0.0,0.0,0,0,0,0,0,0,0,0,0,0,0,36000,0.0,0.0,0.0,0.0,0.0,0.0,0.0,0.0,43680.0,0.0,0.0,0.0
CITRON,BRESIL,0,0,0,0,0,0,0,0,0,0,0,0.0,0.0,0.0,0.0,0.0,0.0,0.0,0.0,96200.0,0.0,0.0,0.0,425.0,0,0,0,0,0,0,0,0,0,0,0,0,0.0,0.0,0.0,0.0,0.0,0.0,0.0,24050.0,0.0,0.0,0.0,10.0
CITRON,BURKINA FASO,0,0,0,0,0,0,0,0,0,0,0,0.0,0.0,0.0,0.0,0.0,20400.0,10070.0,54630.0,980.0,50975.0,56184.0,152665.0,154400.0,0,0,0,0,0,0,0,0,0,0,0,0,0.0,0.0,0.0,0.0,7700.0,1360.0,8680.0,440.0,17870.0,20805.0,38165.0,32420.0
CITRON,CAMEROUN,0,0,0,0,0,0,0,0,0,0,0,0.0,0.0,0.0,0.0,0.0,0.0,0.0,0.0,0.0,0.0,17280.0,54276.0,8938.0,0,0,0,0,0,0,0,0,0,0,0,0,0.0,0.0,0.0,0.0,0.0,0.0,0.0,0.0,0.0,4320.0,7290.0,6750.0
CITRON,CANADA,0,84,0,0,0,0,0,405000,0,94500,3606000,1737187.0,1966375.0,898256.0,3304582.0,4540164.0,2198709.07,6129189.05,4447372.6,7348650.7,5065078.526,8820519.398,8370131.076,2266436.0,0,12,0,0,0,0,0,81000,0,18900,721200,401775,364375.0,179642.0,630148.0,809900.0,306481.0,786485.0,1060840.0,1240050.0,686753.775,876192.0,1819095.0,601709.0
CITRON,CAP-VERT,0,0,0,0,0,0,0,0,0,0,0,0.0,0.0,0.0,0.0,0.0,1716.0,4240.0,0.0,0.0,0.0,0.0,0.0,0.0,0,0,0,0,0,0,0,0,0,0,0,0,0.0,0.0,0.0,0.0,240.0,600.0,0.0,0.0,0.0,0.0,0.0,0.0
CITRON,CHINE,0,0,0,0,0,0,0,0,0,0,0,0.0,0.0,0.0,0.0,0.0,0.0,0.0,0.0,0.0,0.0,591.0,0.0,0.0,0,0,0,0,0,0,0,0,0,0,0,0,0.0,0.0,0.0,0.0,0.0,0.0,0.0,0.0,0.0,13.0,0.0,0.0
CITRON,CHYPRE,0,0,0,0,0,0,0,0,0,0,0,0.0,0.0,0.0,0.0,0.0,0.0,0.0,0.0,0.0,0.0,3579.0,0.0,0.0,0,0,0,0,0,0,0,0,0,0,0,0,0.0,0.0,0.0,0.0,0.0,0.0,0.0,0.0,0.0,71.0,0.0,0.0
CITRON,CONGO,0,0,0,0,0,0,0,0,0,0,0,0.0,0.0,0.0,0.0,57152.0,0.0,0.0,0.0,0.0,0.0,0.0,0.0,0.0,0,0,0,0,0,0,0,0,0,0,0,0,0.0,0.0,0.0,5850.0,0.0,0.0,0.0,0.0,0.0,0.0,0.0,0.0
CITRON,COTE D'IVOIRE,0,21600,33000,19800,0,5000,0,0,0,0,10074,0.0,0.0,0.0,0.0,8800.0,139324.08,95980.0,294455.0,541699.0,1517658.0,361846.703,339065.0,467193.0,0,3600,6000,3600,0,1000,0,0,0,0,2010,0,0.0,0.0,0.0,4400.0,57368.0,47990.0,149555.0,192404.3,239852.0,101461.0,112051.0,168888.0
CITRON,EGYPTE,0,0,0,0,0,63392,0,0,0,0,0,0.0,0.0,0.0,0.0,0.0,0.0,0.0,0.0,0.0,0.0,115.0,592.0,4179.0,0,0,0,0,0,55,0,0,0,0,0,0,0.0,0.0,0.0,0.0,0.0,0.0,0.0,0.0,0.0,3.0,25.0,186.0
CITRON,EMIRATS ARABES UNIS,0,0,1263,0,0,0,1300,0,1099836,594943,827676,0.0,0.0,3040.0,1897772.0,4910668.0,513085.0,28.0,49.0,96200.0,110.0,158305.06,45680.21,58961.7,0,0,135,0,0,0,100,0,223304,135750,115125,0,0.0,608.0,457280.0,594481.0,50527.0,5.0,1.0,24050.0,40.0,49020.68,1360.1,2433.0
CITRON,ESPAGNE,135020,220302,185978,29538,0,4338,0,5684071,16556721,344393,2238542,125516.0,0.0,227797.92,5113978.85,2732868.898,22290560.344,16804328.075,1412940.445,39784.31,1019679.56,20885.516,341185.749,6582.63,87140,146680,89940,14380,0,27,0,1034695,3207392,87768,557792,17998,0.0,21600.0,526192.0,296757.4,1391155.0,1130620.9,42367.0,8101.0,119944.0,1707.88,27837.75,279.0
CITRON,ETATS-UNIS,0,0,0,0,0,0,0,0,0,42966,65307,31234.0,87059.0,18.0,0.0,275549.0,0.0,0.0,1072365.0,7120.0,11028.0,123400.0,0.0,0.0,0,0,0,0,0,0,0,0,0,1959,4929,2121,8737.8,0.5,0.0,46147.2,0.0,0.0,353940.0,1008.0,1629.0,25608.0,0.0,0.0
CITRON,FEDERATION DE RUSSIE,0,0,0,0,0,0,0,7946495,8381246,13347635,27083662,14475476.0,23938917.71,27702480.5,19655930.0,16213008.5,18156298.15,29704899.86,10808128.4,45443511.598,50343603.953,29494096.951,10113584.0,5187826.3,0,0,0,0,0,0,0,1545515,1696643,2679042,4566315,2937076,4141998.96,3301097.0,3997341.0,3753721.0,4328009.0,7148015.0,2830900.0,5272705.0,5644828.5,4099410.0,2148277.0,1185983.0
CITRON,FINLANDE,0,0,0,0,0,0,0,0,111000,0,0,0.0,0.0,0.0,0.0,0.0,0.0,0.0,0.0,0.0,0.0,0.0,0.0,0.0,0,0,0,0,0,0,0,0,22200,0,0,0,0.0,0.0,0.0,0.0,0.0,0.0,0.0,0.0,0.0,0.0,0.0,0.0
CITRON,FRANCE,352935,253767,451480,82200,224571,178871,360481,1974055,11675400,2526872,8783498,8932608.665434,2313184.81,2535333.853,3250365.29,6235824.608,9621116.54,4228957.294,4094494.151,4287490.465,9956310.384,7604708.061,8686617.822,9544248.417,52990,45338,57484,10173,25732,22453,45095,357797,2195823,357163,1637240,1632298,215650.0,237880.0,339373.0,678114.0,755645.74,302635.97,452652.1,460988.06,792753.1,553088.0,618150.2,680016.45
CITRON,GABON,0,0,0,0,0,0,0,0,0,0,0,0.0,0.0,0.0,26640.0,38932.0,58531.0,56169.0,0.0,9221.0,0.0,4500.0,15891.0,0.0,0,0,0,0,0,0,0,0,0,0,0,0,0.0,0.0,3660.0,4860.0,6270.0,6670.0,0.0,2430.0,0.0,1125.0,4680.0,0.0
CITRON,GAMBIE,0,0,0,0,0,0,0,0,0,0,0,0.0,0.0,30000.0,0.0,0.0,0.0,0.0,0.0,0.0,19030.0,709.0,21303.0,2065.0,0,0,0,0,0,0,0,0,0,0,0,0,0.0,10000.0,0.0,0.0,0.0,0.0,0.0,0.0,8490.0,15.0,4928.0,40.0
CITRON,GHANA,0,0,0,0,0,0,0,0,0,0,0,0.0,0.0,0.0,0.0,0.0,0.0,0.0,0.0,29192.0,22000.0,0.0,111900.0,6788.0,0,0,0,0,0,0,0,0,0,0,0,0,0.0,0.0,0.0,0.0,0.0,0.0,0.0,4861.11,2403.0,0.0,23633.0,4340.0
CITRON,GRECE,0,202,0,0,0,0,0,0,0,0,0,0.0,0.0,0.0,0.0,0.0,1854157.618,0.0,0.0,0.0,0.0,0.0,0.0,790.09,0,2,0,0,0,0,0,0,0,0,0,0,0.0,0.0,0.0,0.0,108400.0,0.0,0.0,0.0,0.0,0.0,0.0,60.0
CITRON,GUINEE,0,0,0,0,0,0,0,0,0,0,0,0.0,0.0,0.0,0.0,0.0,0.0,338.0,21705.92,150.0,0.0,4450.0,0.0,39631.0,0,0,0,0,0,0,0,0,0,0,0,0,0.0,0.0,0.0,0.0,0.0,48.0,3900.0,50.0,0.0,1780.0,0.0,707.0
CITRON,GUINEE EQUATORIALE,0,0,0,0,0,0,0,0,0,6362,0,0.0,13591.0,0.0,75248.0,125339.0,31798.0,0.0,0.0,0.0,0.0,0.0,0.0,0.0,0,0,0,0,0,0,0,0,0,276,0,0,425.0,0.0,3885.2,12950.0,1200.0,0.0,0.0,0.0,0.0,0.0,0.0,0.0
CITRON,HONG KONG,0,0,0,0,0,0,0,0,0,0,0,0.0,0.0,0.0,0.0,0.0,424575.0,315000.0,0.0,270.0,0.0,0.0,0.0,0.0,0,0,0,0,0,0,0,0,0,0,0,0,0.0,0.0,0.0,0.0,141525.0,105000.0,0.0,5.0,0.0,0.0,0.0,0.0
CITRON,HONGRIE,0,0,0,0,0,0,0,0,42630,0,135432,0.0,0.0,0.0,0.0,0.0,0.0,0.0,0.0,0.0,0.0,0.0,0.0,0.0,0,0,0,0,0,0,0,0,23780,0,20520,0,0.0,0.0,0.0,0.0,0.0,0.0,0.0,0.0,0.0,0.0,0.0,0.0
CITRON,INDE,0,0,0,0,0,0,0,0,0,0,0,0.0,0.0,0.0,0.0,0.0,0.0,0.0,0.0,0.0,0.0,397.0,0.0,0.0,0,0,0,0,0,0,0,0,0,0,0,0,0.0,0.0,0.0,0.0,0.0,0.0,0.0,0.0,0.0,1.5,0.0,0.0
CITRON,IRLANDE,0,0,0,0,0,0,0,0,0,0,0,0.0,0.0,0.0,0.0,0.0,0.0,0.0,0.0,0.0,0.0,0.0,320.0,0.0,0,0,0,0,0,0,0,0,0,0,0,0,0.0,0.0,0.0,0.0,0.0,0.0,0.0,0.0,0.0,0.0,10.0,0.0
CITRON,ISLANDE,0,0,0,0,0,0,0,0,0,0,0,0.0,0.0,0.0,0.0,0.0,0.0,651.0,0.0,0.0,0.0,0.0,0.0,481.0,0,0,0,0,0,0,0,0,0,0,0,0,0.0,0.0,0.0,0.0,0.0,15.0,0.0,0.0,0.0,0.0,0.0,8.0
CITRON,ITALIE,0,0,0,0,0,0,0,712800,162713,0,0,266588.0,846583.0,121163.0,581455.0,0.0,6967.0,0.0,0.0,0.0,0.0,0.0,10179.0,2236.0,0,0,0,0,0,0,0,71280,33920,0,0,27279,54496.0,12605.0,20141.0,0.0,972.0,0.0,0.0,0.0,0.0,0.0,931.5,76.5
CITRON,IsraÃ«l,0,0,0,0,0,0,0,0,0,0,0,0.0,0.0,0.0,0.0,0.0,0.0,0.0,0.0,0.0,0.0,74000.0,0.0,0.0,0,0,0,0,0,0,0,0,0,0,0,0,0.0,0.0,0.0,0.0,0.0,0.0,0.0,0.0,0.0,3858.0,0.0,0.0
CITRON,JAPON,0,0,0,0,0,0,0,0,0,0,0,0.0,0.0,0.0,0.0,0.0,0.0,10473.0,355651.0,1738582.0,0.0,215.0,0.0,0.0,0,0,0,0,0,0,0,0,0,0,0,0,0.0,0.0,0.0,0.0,0.0,500.0,19388.0,95299.0,0.0,15.0,0.0,0.0
CITRON,JORDANIE,0,0,0,0,0,0,0,0,0,0,0,0.0,0.0,0.0,0.0,500275.0,0.0,13679.0,0.0,216000.0,477900.0,0.0,0.0,0.0,0,0,0,0,0,0,0,0,0,0,0,0,0.0,0.0,0.0,49950.0,0.0,1215.0,0.0,54000.0,119475.0,0.0,0.0,0.0
CITRON,KAZAKHSTAN,0,0,0,0,0,0,0,0,1035496,0,69244,0.0,881099.0,291967.0,0.0,0.0,0.0,0.0,0.0,0.0,0.0,0.0,0.0,0.0,0,0,0,0,0,0,0,0,130690,0,18900,0,145800.0,34000.0,0.0,0.0,0.0,0.0,0.0,0.0,0.0,0.0,0.0,0.0
CITRON,KOWEIT,0,0,0,0,0,0,0,0,0,0,167310,0.0,0.0,0.0,268699.0,741171.0,226710.0,0.0,0.0,0.0,0.0,0.0,6385.0,0.0,0,0,0,0,0,0,0,0,0,0,25740,0,0.0,0.0,24975.0,74925.0,25190.0,0.0,0.0,0.0,0.0,0.0,17.2,0.0
CITRON,LETTONIE,0,0,0,0,0,0,0,0,0,0,21894,0.0,0.0,0.0,0.0,0.0,0.0,688284.159,0.0,0.0,0.0,0.0,0.0,0.0,0,0,0,0,0,0,0,0,0,0,10947,0,0.0,0.0,0.0,0.0,0.0,49950.0,0.0,0.0,0.0,0.0,0.0,0.0
CITRON,LIBERIA,0,0,0,0,0,0,0,0,0,0,1840,0.0,0.0,0.0,0.0,0.0,0.0,0.0,40216.0,99858.061,193144.0,112991.0,45310.0,3433.0,0,0,0,0,0,0,0,0,0,0,460,0,0.0,0.0,0.0,0.0,0.0,0.0,2822.0,5148.0,8678.5,4509.0,1909.0,57.0
CITRON,LITUANIE,0,0,0,0,0,0,0,0,1860000,784627,0,0.0,0.0,0.0,0.0,0.0,0.0,344595.549,0.0,0.0,0.0,0.0,0.0,0.0,0,0,0,0,0,0,0,0,372000,153990,0,0,0.0,0.0,0.0,0.0,0.0,24975.0,0.0,0.0,0.0,0.0,0.0,0.0
CITRON,MALI,0,0,0,0,0,0,0,0,0,0,15168,42000.0,316940.0,250053.0,51000.0,89982.0,70489.0,83438.5,164409.0,292439.631,501764.246,410259.056,457165.854,189371.0,0,0,0,0,0,0,0,0,0,0,10400,15867,104980.0,86200.0,19600.0,44291.0,25079.0,29585.5,42065.0,94657.0,105145.0,37097.0,82647.0,22337.0
CITRON,MAURITANIE,0,400,13535,19450,46275,12600,4250,0,0,0,3318641,7170324.0,12485998.24,14211295.0,559846.0,927576.0,3079149.0,3544498.0,7390133.0,10598172.0,11651476.0,3907572.0,9360459.0,12943824.5,0,100,4940,3950,12950,6600,2200,0,0,0,1359740,2540174,4203621.0,5363650.0,271748.0,464648.0,1468657.0,1561885.0,3767514.0,4834460.0,4378241.0,1431972.0,2287846.0,2668576.0
CITRON,MEXIQUE,0,0,0,0,0,0,0,0,500,0,0,0.0,0.0,0.0,0.0,0.0,0.0,0.0,0.0,0.0,0.0,0.0,0.0,0.0,0,0,0,0,0,0,0,0,40,0,0,0,0.0,0.0,0.0,0.0,0.0,0.0,0.0,0.0,0.0,0.0,0.0,0.0
CITRON,NIGER,0,0,0,0,0,0,0,0,0,0,0,0.0,0.0,0.0,0.0,3000.0,9870.0,20162.0,34012.0,36855.0,68366.0,13369.0,36255.0,30100.0,0,0,0,0,0,0,0,0,0,0,0,0,0.0,0.0,0.0,1500.0,3813.0,5130.0,4943.0,13721.0,25128.0,4933.0,9985.0,6125.0
CITRON,NIGERIA,0,0,0,0,0,0,0,0,0,0,0,0.0,0.0,0.0,0.0,0.0,4.0,0.0,22096.0,0.0,0.0,357862.0,153144.0,0.0,0,0,0,0,0,0,0,0,0,0,0,0,0.0,0.0,0.0,0.0,0.6,0.0,2160.0,0.0,0.0,49950.0,22555.0,0.0
CITRON,NOUVELLE-CALEDONIE,0,0,0,0,0,0,0,0,0,0,0,0.0,0.0,0.0,0.0,0.0,0.0,0.0,0.0,0.0,0.0,0.0,0.0,6267.0,0,0,0,0,0,0,0,0,0,0,0,0,0.0,0.0,0.0,0.0,0.0,0.0,0.0,0.0,0.0,0.0,0.0,72.0
CITRON,OMAN,0,0,0,0,0,0,0,0,0,0,0,0.0,0.0,0.0,0.0,0.0,86365.0,0.0,2.0,22494.0,10050.0,30232.0,7240.0,15579.0,0,0,0,0,0,0,0,0,0,0,0,0,0.0,0.0,0.0,0.0,8640.0,0.0,2.0,1137.4,476.5,484.09,168.0,353.6
CITRON,PAYS-BAS,0,0,0,0,0,0,0,2771340,14690800,8397753,6851259,13189622.558363,6546241.163,2004975.385,3389136.57,1763442.392,4284944.692,2240036.657,868926.905,2534244.672,12279128.267,3115815.985,7988373.663,6532715.846,0,0,0,0,0,0,0,511060,3169311,1697357,1238550,2421630,611025.0,188775.0,354163.0,197025.0,413010.0,157467.0,29818.5,167163.2,1081172.5,170336.7,755304.65,529184.0
CITRON,POLOGNE,0,0,0,0,0,0,0,0,27000,463500,23082,0.0,0.0,0.0,0.0,0.0,0.0,0.0,0.0,0.0,0.0,0.0,0.0,168073.352,0,0,0,0,0,0,0,0,5400,92700,20500,0,0.0,0.0,0.0,0.0,0.0,0.0,0.0,0.0,0.0,0.0,0.0,17300.0
CITRON,PORTUGAL,0,0,0,0,0,0,0,554360,0,0,15573,0.0,0.0,0.0,1075810.77,0.0,2835048.69,343635.172,0.0,0.0,0.0,0.0,0.0,0.0,0,0,0,0,0,0,0,197260,0,0,18576,0,0.0,0.0,120050.0,0.0,163911.0,24050.0,0.0,0.0,0.0,0.0,0.0,0.0
CITRON,QATAR,0,0,0,0,0,0,0,0,0,0,0,0.0,0.0,0.0,0.0,0.0,0.0,22000.0,276843.0,97705.0,285412.0,116385.0,98489.0,65768.0,0,0,0,0,0,0,0,0,0,0,0,0,0.0,0.0,0.0,0.0,0.0,906.0,14619.0,19820.0,22750.725,4453.0,2581.0,1623.0
CITRON,REPUBLIQUE ARABE SYRIENNE,0,0,0,0,0,0,0,0,174175,0,0,0.0,0.0,0.0,0.0,0.0,0.0,0.0,0.0,0.0,0.0,0.0,0.0,0.0,0,0,0,0,0,0,0,0,34835,0,0,0,0.0,0.0,0.0,0.0,0.0,0.0,0.0,0.0,0.0,0.0,0.0,0.0
CITRON,REPUBLIQUE TCHEQUE,0,0,0,0,0,0,0,0,0,84772,0,0.0,0.0,0.0,0.0,0.0,0.0,0.0,0.0,0.0,0.0,0.0,0.0,0.0,0,0,0,0,0,0,0,0,0,999,0,0,0.0,0.0,0.0,0.0,0.0,0.0,0.0,0.0,0.0,0.0,0.0,0.0
CITRON,ROYAUME-UNI,0,0,0,0,0,0,0,847130,8594883,2944707,3580299,9857333.50404,1441526.766,11255.0,0.0,38783.0,723725.849,2446103.814,1274480.936,1005638.075,2342029.665,311891.476,1140878.68,1072804.185,0,0,0,0,0,0,0,169426,1646352,587003,599746,1688820,134926.72,969.96,0.0,2894.4,49950.0,170000.0,115589.0,96225.0,318576.55,23865.0,115598.0,111288.0
CITRON,SENEGAL,0,0,0,0,5480,0,85208,0,0,0,3122302,11814420.0,9853731.308,6187360.0,836261.0,409392.5,510751.6,240897.35,3195475.55,3818412.5,1930075.0,749183.0,622962.8,513550.0,0,0,0,0,1356,0,32600,0,0,0,1273282,5333740,3636675.0,2186520.0,442087.41,232094.0,220947.0,106921.02,1669979.0,1981059.2,999826.5,317102.0,175113.0,101533.0
CITRON,SIERRA LEONE,0,0,0,0,0,0,0,0,0,0,0,0.0,0.0,0.0,0.0,0.0,0.0,0.0,0.0,0.0,0.0,1276.0,0.0,299.0,0,0,0,0,0,0,0,0,0,0,0,0,0.0,0.0,0.0,0.0,0.0,0.0,0.0,0.0,0.0,20.0,0.0,6.0
CITRON,SINGAPOUR,0,0,0,0,0,0,0,0,0,0,0,0.0,0.0,0.0,0.0,0.0,0.0,0.0,0.0,88800.0,0.0,0.0,0.0,1879.0,0,0,0,0,0,0,0,0,0,0,0,0,0.0,0.0,0.0,0.0,0.0,0.0,0.0,22200.0,0.0,0.0,0.0,93.0
CITRON,SUEDE,0,0,0,0,0,0,0,1039500,0,0,5562000,0.0,2197259.712,0.0,249008.84,1004709.452,0.0,0.0,1809598.619,0.0,337570.433,0.0,0.0,0.0,0,0,0,0,0,0,0,207900,0,0,1112400,0,207800.0,0.0,23569.0,112950.0,0.0,0.0,158760.0,0.0,45890.0,0.0,0.0,0.0
CITRON,SUISSE,0,0,0,120,0,0,0,0,0,0,468499,0.0,0.0,0.0,0.0,0.0,0.0,0.0,0.0,0.0,0.0,0.0,0.0,0.0,0,0,0,20,0,0,0,0,0,0,46080,0,0.0,0.0,0.0,0.0,0.0,0.0,0.0,0.0,0.0,0.0,0.0,0.0
CITRON,TCHAD,0,0,0,0,0,0,0,0,0,0,0,0.0,0.0,0.0,0.0,0.0,0.0,0.0,63961.0,0.0,0.0,0.0,0.0,0.0,0,0,0,0,0,0,0,0,0,0,0,0,0.0,0.0,0.0,0.0,0.0,0.0,8400.0,0.0,0.0,0.0,0.0,0.0
CITRON,TOGO,0,0,0,0,0,0,0,0,0,0,0,0.0,0.0,0.0,0.0,0.0,0.0,10334.0,0.0,0.0,0.0,0.0,0.0,0.0,0,0,0,0,0,0,0,0,0,0,0,0,0.0,0.0,0.0,0.0,0.0,2256.0,0.0,0.0,0.0,0.0,0.0,0.0
CITRON,TUNISIE,0,0,0,0,0,0,0,0,0,0,89071,0.0,0.0,0.0,0.0,0.0,0.0,0.0,0.0,0.0,0.0,0.0,0.0,0.0,0,0,0,0,0,0,0,0,0,0,55300,0,0.0,0.0,0.0,0.0,0.0,0.0,0.0,0.0,0.0,0.0,0.0,0.0
CITRON,TURQUIE,0,0,0,0,0,0,0,0,0,0,0,0.0,0.0,0.0,0.0,0.0,0.0,0.0,0.0,0.0,0.0,0.0,0.0,668.12,0,0,0,0,0,0,0,0,0,0,0,0,0.0,0.0,0.0,0.0,0.0,0.0,0.0,0.0,0.0,0.0,0.0,48.0
CITRON,UKRAINE,0,0,0,0,0,0,0,0,0,0,273732,0.0,0.0,0.0,224775.0,307829.0,0.0,0.0,0.0,0.0,0.0,0.0,0.0,0.0,0,0,0,0,0,0,0,0,0,0,41040,0,0.0,0.0,74925.0,48755.0,0.0,0.0,0.0,0.0,0.0,0.0,0.0,0.0
CITRON,URUGUAY,0,0,0,0,0,0,0,0,0,0,0,474008.0,0.0,0.0,0.0,0.0,0.0,0.0,0.0,0.0,0.0,0.0,0.0,0.0,0,0,0,0,0,0,0,0,0,0,0,22951,0.0,0.0,0.0,0.0,0.0,0.0,0.0,0.0,0.0,0.0,0.0,0.0
MELON,AFRIQUE DU SUD,0,0,0,0,0,0,0,0,0,0,0,0.0,0.0,0.0,0.0,0.0,6000.0,0.0,0.0,0.0,0.0,0.0,0.0,0.0,0,0,0,0,0,0,0,0,0,0,0,0,0.0,0.0,0.0,0.0,750.0,0.0,0.0,0.0,0.0,0.0,0.0,0.0
MELON,ALLEMAGNE,1038475,206175,233741,374770,466720,77270,251418,1126292,952958,0,149818,318570.0,2746656.0,2884237.0,117899.0,380295.9,2208402.38,2213206.0,238298.13,1736053.694,2315788.368,1327234.958,3197566.829,322895.644,102125,21150,24880,20925,40915,15384,22200,74873,88618,0,16829,32347,138715.0,218113.0,27307.0,44095.16,229372.0,186411.5,61407.5,168283.5,269519.0,102088.0,129897.16,31969.35
MELON,ARABIE SAOUDITE,163290,67936,0,0,0,21621,0,0,0,0,0,0.0,0.0,220.0,0.0,0.0,183892.0,85227.0,210933.0,4541.0,370816.0,8642.0,106969.0,4092.0,8577,3084,0,0,0,480,0,0,0,0,0,0,0.0,22.0,0.0,0.0,6579.0,8910.0,39000.0,219.0,47065.0,327.95,3195.0,146.6
MELON,AUSTRALIE,0,0,0,0,0,0,0,0,0,0,0,0.0,0.0,0.0,0.0,0.0,0.0,0.0,0.0,0.0,0.0,0.0,13832.582,0.0,0,0,0,0,0,0,0,0,0,0,0,0,0.0,0.0,0.0,0.0,0.0,0.0,0.0,0.0,0.0,0.0,2340.0,0.0
MELON,AUTRES PAYS,0,0,0,0,0,0,0,185250,0,0,0,0.0,0.0,0.0,0.0,0.0,0.0,48140.0,0.0,0.0,0.0,0.0,0.0,0.0,0,0,0,0,0,0,0,126750,0,0,0,0,0.0,0.0,0.0,0.0,0.0,9960.0,0.0,0.0,0.0,0.0,0.0,0.0
MELON,AUTRICHE,0,0,0,0,0,0,0,0,0,0,0,0.0,0.0,0.0,0.0,0.0,0.0,0.0,0.0,0.0,55295.404,0.0,0.0,0.0,0,0,0,0,0,0,0,0,0,0,0,0,0.0,0.0,0.0,0.0,0.0,0.0,0.0,0.0,5000.0,0.0,0.0,0.0
MELON,AVITAILLEMENT,590,2024,0,0,0,0,0,0,0,0,0,0.0,0.0,0.0,0.0,0.0,0.0,0.0,0.0,0.0,0.0,0.0,258.0,4053.0,130,209,0,0,0,0,0,0,0,0,0,0,0.0,0.0,0.0,0.0,0.0,0.0,0.0,0.0,0.0,0.0,5.0,122.0
MELON,BAHAMAS,0,0,0,0,0,0,0,0,0,0,0,0.0,0.0,0.0,0.0,0.0,0.0,0.0,0.0,0.0,0.0,0.0,362.0,0.0,0,0,0,0,0,0,0,0,0,0,0,0,0.0,0.0,0.0,0.0,0.0,0.0,0.0,0.0,0.0,0.0,5.0,0.0
MELON,BAHREIN,0,0,0,0,0,0,0,0,0,0,0,0.0,0.0,0.0,0.0,0.0,0.0,0.0,0.0,20527.0,1783.0,51972.0,640839.51,10699.0,0,0,0,0,0,0,0,0,0,0,0,0,0.0,0.0,0.0,0.0,0.0,0.0,0.0,744.0,48.0,1582.0,23898.5,464.8
MELON,BELGIQUE,310559,8027,321662,556062,0,4595912,281328,47603,503825,324105,296194,72506.0,537721.635,178291.72,404245.31,165502.07,1468484.99,1532107.24,640507.0,1430240.842,2563954.664,12413223.249,10939072.37,6166260.665,23796,1450,30190,69570,0,757459,22500,6207,58719,54224,30655,12035,134520.0,10332.0,108988.0,48816.0,164326.0,235115.0,53753.0,125908.0,427965.0,1198691.0,904877.0,746878.0
MELON,BENIN,0,0,0,0,0,0,0,0,0,0,0,0.0,0.0,0.0,36000.0,0.0,0.0,0.0,0.0,0.0,0.0,0.0,0.0,0.0,0,0,0,0,0,0,0,0,0,0,0,0,0.0,0.0,18000.0,0.0,0.0,0.0,0.0,0.0,0.0,0.0,0.0,0.0
MELON,BOSNIE-HERZEGOVINE,0,0,15344,0,0,0,0,0,0,0,0,0.0,0.0,0.0,0.0,0.0,0.0,0.0,0.0,0.0,0.0,0.0,0.0,0.0,0,0,3836,0,0,0,0,0,0,0,0,0,0.0,0.0,0.0,0.0,0.0,0.0,0.0,0.0,0.0,0.0,0.0,0.0
MELON,BRESIL,0,0,0,0,0,0,0,0,0,0,0,0.0,0.0,0.0,0.0,0.0,0.0,0.0,0.0,192000.0,0.0,0.0,0.0,2275.0,0,0,0,0,0,0,0,0,0,0,0,0,0.0,0.0,0.0,0.0,0.0,0.0,0.0,24000.0,0.0,0.0,0.0,30.0
MELON,BURKINA FASO,0,0,0,0,0,0,0,0,0,0,0,0.0,0.0,0.0,0.0,16520.0,64300.0,124067.0,62100.0,180105.0,188425.0,26565.0,78850.0,76530.0,0,0,0,0,0,0,0,0,0,0,0,0,0.0,0.0,0.0,8040.0,28900.0,43586.0,31050.0,84365.0,70225.0,8655.0,32865.0,24339.0
MELON,C.E.E,0,3602274,0,0,0,0,0,0,0,0,0,0.0,0.0,0.0,0.0,0.0,0.0,0.0,0.0,0.0,0.0,0.0,0.0,0.0,0,714551,0,0,0,0,0,0,0,0,0,0,0.0,0.0,0.0,0.0,0.0,0.0,0.0,0.0,0.0,0.0,0.0,0.0
MELON,CAMEROUN,0,0,0,0,0,0,0,0,0,0,0,0.0,0.0,0.0,0.0,0.0,0.0,0.0,0.0,0.0,0.0,0.0,962.0,0.0,0,0,0,0,0,0,0,0,0,0,0,0,0.0,0.0,0.0,0.0,0.0,0.0,0.0,0.0,0.0,0.0,60.0,0.0
MELON,CANADA,0,0,0,10976,4704,6804,24085,7689,7406,0,0,0.0,1931058.0,1764.612,4683.54,188400.0,11200.0,64238.0,0.0,32881.0,192000.0,1700.0,10322.0,312613.0,0,0,0,1188,480,405,1876,978,700,0,0,0,218330.0,85.8,150.0,18700.0,1400.0,6426.0,0.0,1221.0,24000.0,39.0,291.8,39143.15
MELON,CHINE,0,0,0,0,0,0,0,0,0,0,0,0.0,0.0,0.0,0.0,0.0,20.0,0.0,89758.0,80813.0,0.0,0.0,0.0,20489.0,0,0,0,0,0,0,0,0,0,0,0,0,0.0,0.0,0.0,0.0,0.1,0.0,2000.0,2000.2,0.0,0.0,0.0,456.0
MELON,CHYPRE,0,0,0,0,0,0,0,0,0,0,0,0.0,0.0,0.0,0.0,0.0,0.0,0.0,0.0,0.0,0.0,8045.0,1024.0,0.0,0,0,0,0,0,0,0,0,0,0,0,0,0.0,0.0,0.0,0.0,0.0,0.0,0.0,0.0,0.0,125.0,20.0,0.0
MELON,CONGO,0,0,0,0,0,0,0,0,0,0,0,0.0,0.0,0.0,0.0,0.0,1357.0,0.0,450.0,0.0,0.0,0.0,0.0,0.0,0,0,0,0,0,0,0,0,0,0,0,0,0.0,0.0,0.0,0.0,24.0,0.0,43.0,0.0,0.0,0.0,0.0,0.0
MELON,COTE D'IVOIRE,0,0,0,0,0,0,0,13059,1135,0,0,0.0,0.0,7708.07,60607.0,23160.0,54880.0,39919.0,81008.0,2623.0,357458.0,194535.387,206110.0,425130.0,0,0,0,0,0,0,0,3221,220,0,0,0,0.0,1550.0,19900.0,2895.0,16610.0,5820.0,4820.0,820.0,101659.5,57970.1,50856.85,54849.4
MELON,CROATIE,0,0,6164,0,0,0,0,0,0,0,0,0.0,0.0,0.0,0.0,0.0,0.0,0.0,0.0,0.0,0.0,0.0,0.0,0.0,0,0,1541,0,0,0,0,0,0,0,0,0,0.0,0.0,0.0,0.0,0.0,0.0,0.0,0.0,0.0,0.0,0.0,0.0
MELON,DANEMARK,0,0,0,0,0,0,0,0,0,0,0,0.0,0.0,0.0,0.0,0.0,0.0,0.0,0.0,0.0,0.0,867.592,0.0,0.0,0,0,0,0,0,0,0,0,0,0,0,0,0.0,0.0,0.0,0.0,0.0,0.0,0.0,0.0,0.0,11.0,0.0,0.0
MELON,EGYPTE,0,0,0,0,0,0,0,0,0,0,0,0.0,0.0,0.0,0.0,0.0,0.0,0.0,0.0,0.0,0.0,863.0,0.0,4794.0,0,0,0,0,0,0,0,0,0,0,0,0,0.0,0.0,0.0,0.0,0.0,0.0,0.0,0.0,0.0,15.9,0.0,95.4
MELON,EMIRATS ARABES UNIS,0,0,0,0,10000,3621,0,0,68,152717,57251,0.0,0.0,0.0,0.0,0.0,218654.78,122813.0,210675.0,450066.62,52727.9,562040.23,641938.48,384268.635,0,0,0,0,437,71,0,0,6,28111,3877,0,0.0,0.0,0.0,0.0,20065.0,16790.5,9518.03,44744.4,2056.0,23220.52,23279.33,15879.18
MELON,ESPAGNE,2059272,723053,12876502,16677484,21363073,24778632,38486292,50791857,56777416,33065834,16878923,18103485.0,23685123.0,25155854.13,42679160.61,29874326.05,28746209.91,41190899.9,107627043.105,77737668.616,35847531.478,78757691.915,73732948.472,135066506.763,599024,344592,2878526,1997247,3125751,6041366,6110030,7195414,8421757,5044998,3383188,2969400,4401406.5,5216352.0,7735782.8,4120087.0,4321487.24,7258361.0,12784695.9,6562318.0,4645244.5,7657821.0,5316602.76,13862077.27
MELON,ESTONIE,0,0,0,0,0,0,0,0,0,0,0,0.0,0.0,0.0,0.0,0.0,0.0,0.0,0.0,396057.0,0.0,222348.0,254685.0,0.0,0,0,0,0,0,0,0,0,0,0,0,0,0.0,0.0,0.0,0.0,0.0,0.0,0.0,12100.0,0.0,5225.0,4840.0,0.0
MELON,ETATS-UNIS,0,0,0,198416,27315,303940,392291,478465,270630,103335,551153,571214.0,478851.591,347831.335,403229.26,581174.58,96519.43,41321.9,625618.0,577245.0,210273.52,769269.66,177817.4,0.0,0,0,0,15320,2614,28350,40080,42760,23940,9410,37575,31385,23409.0,19385.419,25403.56,30484.64,6057.64,1700.0,24460.96,20003.76,10001.88,37279.14,7307.21,0.0
MELON,FEDERATION DE RUSSIE,73662,0,0,0,174478,0,663900,816640,6302962,0,304143,1042400.0,4639305.62,758953.348,2215565.26,1353186.515,1289938.56,876470.4410000001,258664.13,192000.0,0.0,739.0,192000.0,2587.0,12973,0,0,0,14675,0,65700,74240,729863,0,117500,60340,670860.0,57742.0,158131.0,75745.0,84658.0,53122.0,27762.0,24000.0,0.0,10.0,24000.0,32.0
MELON,FRANCE,70062516,99400496,98157351,89934222,146489929,214356890,273424268,359256052,382222782,466542375,421545749,365610706.0,399954467.06,383936091.8,339614398.6,383279449.04,324713810.9,439631750.966,472658352.576,447991202.648,457424573.924,441786349.372,513641498.961,645152064.34,10268460,14538593,13225713,12392238,18365805,28515184,32318535,36160199,43396248,47097450,47090429,38263759,41832646.99,39819154.49,31934652.9,30116098.6,31084445.184,41655766.09,36033611.85,35807056.599999994,37905755.7,35596053.45,31536600.2,36097443.48
MELON,GAMBIE,0,0,0,0,0,0,0,0,0,0,0,0.0,0.0,0.0,0.0,0.0,0.0,0.0,0.0,0.0,0.0,59612.0,54683.0,56121.0,0,0,0,0,0,0,0,0,0,0,0,0,0.0,0.0,0.0,0.0,0.0,0.0,0.0,0.0,0.0,16932.0,8366.0,10592.0
MELON,GHANA,0,0,0,0,0,0,0,0,0,0,0,0.0,0.0,0.0,0.0,0.0,0.0,0.0,1200.0,0.0,0.0,0.0,10436.0,16675.0,0,0,0,0,0,0,0,0,0,0,0,0,0.0,0.0,0.0,0.0,0.0,0.0,600.0,0.0,0.0,0.0,1257.0,2629.0
MELON,GIBRALTAR,156,0,0,0,0,0,0,0,0,0,0,0.0,0.0,0.0,0.0,0.0,0.0,0.0,0.0,0.0,0.0,7676.0,40185.0,33253.0,10,0,0,0,0,0,0,0,0,0,0,0,0.0,0.0,0.0,0.0,0.0,0.0,0.0,0.0,0.0,900.0,10127.0,7595.0
MELON,GRECE,0,0,0,0,136580,0,0,0,0,0,0,0.0,0.0,0.0,0.0,0.0,0.0,0.0,0.0,0.0,0.0,0.0,0.0,2367.691,0,0,0,0,17835,0,0,0,0,0,0,0,0.0,0.0,0.0,0.0,0.0,0.0,0.0,0.0,0.0,0.0,0.0,80.0
MELON,GUINEE,0,0,0,0,0,394,0,0,0,0,0,0.0,0.0,0.0,0.0,0.0,0.0,9929.0,11012.0,5654.0,325.0,7861.0,48354.0,30451.0,0,0,0,0,0,40,0,0,0,0,0,0,0.0,0.0,0.0,0.0,0.0,768.0,2694.0,2827.0,10.0,194.63,12617.0,6754.0
MELON,GUINEE EQUATORIALE,0,0,0,0,0,0,0,0,0,0,0,0.0,0.0,0.0,122462.0,22013.0,0.0,0.0,0.0,0.0,0.0,0.0,0.0,0.0,0,0,0,0,0,0,0,0,0,0,0,0,0.0,0.0,7306.0,950.0,0.0,0.0,0.0,0.0,0.0,0.0,0.0,0.0
MELON,HONGRIE,0,154529,222057,26666,314733,241791,224146,321417,0,0,0,0.0,0.0,0.0,0.0,0.0,8663.0,0.0,0.0,0.0,71780.0,0.0,0.0,44922.018,0,15495,22053,2000,32195,23392,22500,40448,0,0,0,0,0.0,0.0,0.0,0.0,2250.0,0.0,0.0,0.0,7150.0,0.0,0.0,2640.0
MELON,INDE,0,0,0,0,0,0,0,0,0,0,0,0.0,0.0,0.0,0.0,0.0,0.0,0.0,0.0,0.0,0.0,431.0,0.0,0.0,0,0,0,0,0,0,0,0,0,0,0,0,0.0,0.0,0.0,0.0,0.0,0.0,0.0,0.0,0.0,5.0,0.0,0.0
MELON,IRLANDE,0,0,0,432000,0,0,0,0,0,0,0,0.0,0.0,0.0,0.0,0.0,0.0,0.0,0.0,0.0,0.0,0.0,0.0,0.0,0,0,0,36000,0,0,0,0,0,0,0,0,0.0,0.0,0.0,0.0,0.0,0.0,0.0,0.0,0.0,0.0,0.0,0.0
MELON,ISLANDE,0,0,0,0,0,0,0,0,0,0,0,0.0,0.0,0.0,0.0,0.0,0.0,0.0,0.0,0.0,0.0,0.0,0.0,1503.0,0,0,0,0,0,0,0,0,0,0,0,0,0.0,0.0,0.0,0.0,0.0,0.0,0.0,0.0,0.0,0.0,0.0,40.0
MELON,ITALIE,12612889,4687569,34706248,3071206,13938245,22412465,23492339,11019312,10175325,17842605,7159087,8747486.0,431734.175,979026.2,618195.5700000001,11742218.0,191623.15,16412635.0,18778545.0,20171294.688,14400462.16,23591017.118,27806790.152,20195485.651,2103416,671020,3184052,257580,1180860,2559256,3483331,1703627,1623471,2177687,919156,904044,50996.0,161748.0,114120.0,1075258.0,13500.0,2046959.0,1774467.0,2166455.0,1419484.0,1978400.0,2189062.8,1389713.4
MELON,JAPON,0,48371,0,51085,0,51072,49421,52470,90694,71728,36506,18806.0,16816.0,73435.0,0.0,36137.0,61537.0,190565.0,285373.0,54.0,488829.45,59516.0,154630.0,0.0,0,2496,0,3000,0,3000,2880,3000,4960,4000,2000,1000,920.0,4000.0,0.0,2000.0,3000.0,8020.0,10000.0,7.0,27358.0,2000.0,4006.0,0.0
MELON,KOWEIT,0,0,0,0,0,0,0,0,68945,0,0,0.0,0.0,0.0,0.0,38023.0,0.0,0.0,0.0,0.0,7063.0,0.0,0.0,1749.0,0,0,0,0,0,0,0,0,6427,0,0,0,0.0,0.0,0.0,1500.0,0.0,0.0,0.0,0.0,242.0,0.0,0.0,46.0
MELON,LIBERIA,0,0,0,0,0,40832,0,38402,0,0,0,16650.0,0.0,0.0,0.0,860.0,41250.0,0.0,16957.0,50367.528,60281.0,54236.0,29642.0,1045.0,0,0,0,0,0,5486,0,9188,0,0,0,3225,0.0,0.0,0.0,86.0,7500.0,0.0,2197.5,2291.8,2376.65,2026.99,1031.0,21.5
MELON,LIBYE,0,0,0,0,0,0,0,168,0,0,0,0.0,0.0,0.0,0.0,0.0,0.0,0.0,0.0,0.0,0.0,0.0,0.0,0.0,0,0,0,0,0,0,0,335,0,0,0,0,0.0,0.0,0.0,0.0,0.0,0.0,0.0,0.0,0.0,0.0,0.0,0.0
MELON,MALI,0,0,0,0,0,0,0,0,0,0,0,0.0,3600.0,21540.0,171940.0,133950.0,163286.0,330567.4,402899.0,196635.0,262602.0,668344.0,795022.0,289489.0,0,0,0,0,0,0,0,0,0,0,0,0,1200.0,7620.0,91770.0,55650.0,88191.0,111702.0,128271.0,71505.0,91345.0,211173.0,188231.0,74040.0
MELON,MAURITANIE,0,600,0,935,0,6400,0,0,0,0,925790,1531200.0,24100.0,351800.0,4816635.0,3904176.13,3932956.0,3816991.0,9217646.0,7754927.5,21873272.0,12330726.5,9750665.0,8842865.5,0,200,0,110,0,8000,0,0,0,0,297885,341300,19600.0,132520.0,2276390.0,1805740.0,1823418.0,1820104.0,5511482.0,3714658.0,9980212.0,4517870.0,2504534.0,1925453.0
MELON,NIGER,0,0,0,0,0,0,0,0,0,0,3651,0.0,0.0,0.0,0.0,13780.0,61600.0,167909.0,202060.0,339913.0,735476.0,468301.0,724791.0,111053.0,0,0,0,0,0,0,0,0,0,0,5500,0,0.0,0.0,0.0,6890.0,30400.0,58162.1,62599.5,116720.0,267002.0,151300.0,115961.0,27161.0
MELON,NIGERIA,0,0,0,0,0,0,0,0,0,0,0,0.0,0.0,0.0,0.0,0.0,0.0,0.0,0.0,0.0,0.0,0.0,4228.0,5320.0,0,0,0,0,0,0,0,0,0,0,0,0,0.0,0.0,0.0,0.0,0.0,0.0,0.0,0.0,0.0,0.0,229.0,158.0
MELON,NORVEGE,0,0,0,0,0,0,0,0,0,0,0,0.0,55757.0,40036.15,0.0,0.0,0.0,0.0,0.0,0.0,0.0,0.0,0.0,0.0,0,0,0,0,0,0,0,0,0,0,0,0,5069.0,4386.0,0.0,0.0,0.0,0.0,0.0,0.0,0.0,0.0,0.0,0.0
MELON,OMAN,0,0,0,0,0,0,0,0,0,0,0,0.0,0.0,0.0,0.0,0.0,0.0,0.0,99992.0,36626.0,3739.0,56610.0,13477.62,3646.0,0,0,0,0,0,0,0,0,0,0,0,0,0.0,0.0,0.0,0.0,0.0,0.0,14002.0,1514.62,122.45,1740.55,301.5,76.2
MELON,PAYS-BAS,0,21917,744426,1723397,1569510,13420,1121321,1952247,6171459,1140875,4391817,7383365.0,3382781.89,577800.0,597380.0,3388145.0,571960.0,2650128.31,4533581.641,3869361.478,28116634.83,58950195.569,5790889.339,4955850.558,0,8246,149550,179345,178343,1000,132901,197210,700141,317911,280878,674555,458687.0,57780.0,103195.0,494895.2,190200.0,681308.0,508690.0,462838.61,2210356.5,3056079.0,433370.0,395352.0
MELON,POLOGNE,0,0,0,0,0,0,0,0,0,195360,0,0.0,0.0,0.0,0.0,0.0,0.0,0.0,0.0,0.0,63000.0,0.0,0.0,0.0,0,0,0,0,0,0,0,0,0,22200,0,0,0.0,0.0,0.0,0.0,0.0,0.0,0.0,0.0,21000.0,0.0,0.0,0.0
MELON,PORTUGAL,505247,69261,1965280,676360,1774851,4060339,24525,1724512,550222,7085742,6896321,8740676.0,3800678.0,10438385.0,11463727.06,12006125.07,13425315.55,22464755.17,23438601.999,14876943.661,13600867.991,17512231.76,29240188.904,23825499.168,190682,33189,287560,69325,202753,745011,2475,307664,111388,1092217,1708981,1107496,689225.0,1155577.0,1376820.0,1241464.0,1430477.0,2434360.0,2149400.0,1554918.0,1389249.0,1572653.0,1901980.0,1954084.0
MELON,QATAR,0,0,0,0,0,0,0,0,0,0,0,0.0,0.0,0.0,0.0,0.0,150802.0,108747.0,296097.0,1910461.0,227326.0,4684510.2,1486118.0,696569.0,0,0,0,0,0,0,0,0,0,0,0,0,0.0,0.0,0.0,0.0,6746.6,12030.0,10837.8,83795.45,8346.76,207655.29,48274.32,20031.72
MELON,REPUBLIQUE DE COREE,0,0,0,0,0,0,0,0,0,0,0,0.0,0.0,0.0,1133.45,0.0,0.0,0.0,0.0,0.0,0.0,0.0,0.0,0.0,0,0,0,0,0,0,0,0,0,0,0,0,0.0,0.0,50.0,0.0,0.0,0.0,0.0,0.0,0.0,0.0,0.0,0.0
MELON,REPUBLIQUE TCHEQUE,0,0,0,0,0,0,0,0,0,0,0,0.0,0.0,0.0,0.0,0.0,0.0,0.0,40291.444,0.0,0.0,0.0,0.0,0.0,0,0,0,0,0,0,0,0,0,0,0,0,0.0,0.0,0.0,0.0,0.0,0.0,3320.0,0.0,0.0,0.0,0.0,0.0
MELON,ROUMANIE,0,0,0,0,0,0,0,0,0,0,115500,0.0,0.0,0.0,0.0,0.0,0.0,0.0,0.0,0.0,0.0,0.0,0.0,0.0,0,0,0,0,0,0,0,0,0,0,16500,0,0.0,0.0,0.0,0.0,0.0,0.0,0.0,0.0,0.0,0.0,0.0,0.0
MELON,ROYAUME-UNI,468041,0,1038200,7326714,800671,990222,1399176,11756013,8947911,647179,7210640,8749370.0,1265685.94,1387850.0899999999,1892442.3599999999,2219354.95,416833.69,503177.19,2237628.2210000004,1414799.311,4001536.895,2761671.686,3423361.251,5248560.781,48476,0,134600,626391,74675,82400,162750,1125296,978952,63000,1128905,1422618,108322.0,169725.0,340121.5,413348.0,27000.0,108035.0,197865.0,134789.0,624678.5,96472.1,225998.0,377203.46
MELON,SENEGAL,0,2034,0,0,60,0,0,27032,0,0,75420,256400.0,54875.0,102900.0,70199.0,196063.25,384988.0,165268.985,210036.49,267763.0,282623.0,369182.0,405221.0,105174.0,0,166,0,0,13,0,0,8900,0,0,43400,91600,23990.0,37300.0,33232.0,80280.0,173054.0,60854.0,88499.0,116622.0,110557.0,129536.0,81306.0,36070.0
MELON,SIERRA LEONE,0,0,0,0,0,0,0,0,2003,0,0,0.0,0.0,0.0,0.0,0.0,0.0,0.0,0.0,0.0,0.0,1873.0,10455.79,1875.45,0,0,0,0,0,0,0,0,250,0,0,0,0.0,0.0,0.0,0.0,0.0,0.0,0.0,0.0,0.0,23.0,990.0,35.0
MELON,SINGAPOUR,0,0,0,0,0,13990,0,0,0,0,0,0.0,0.0,0.0,0.0,0.0,0.0,0.0,0.0,199106.893,0.0,192892.889,130591.56,2809.0,0,0,0,0,0,5540,0,0,0,0,0,0,0.0,0.0,0.0,0.0,0.0,0.0,0.0,5315.1,0.0,9302.8,3305.0,73.8
MELON,SLOVAQUIE,292454,0,13461,0,0,0,0,0,0,0,0,48895.0,0.0,0.0,0.0,0.0,0.0,0.0,0.0,0.0,0.0,0.0,0.0,0.0,48101,0,11107,0,0,0,0,0,0,0,0,8890,0.0,0.0,0.0,0.0,0.0,0.0,0.0,0.0,0.0,0.0,0.0,0.0
MELON,SLOVENIE,0,0,0,0,0,0,0,0,0,0,0,0.0,0.0,0.0,0.0,0.0,0.0,231582.2,0.0,0.0,0.0,0.0,0.0,0.0,0,0,0,0,0,0,0,0,0,0,0,0,0.0,0.0,0.0,0.0,0.0,12660.0,0.0,0.0,0.0,0.0,0.0,0.0
MELON,SUEDE,840,0,0,0,1776,0,0,0,0,33000,0,0.0,0.0,0.0,0.0,0.0,0.0,0.0,0.0,0.0,1508900.0,0.0,0.0,39143.364,240,0,0,0,80,0,0,0,0,6600,0,0,0.0,0.0,0.0,0.0,0.0,0.0,0.0,0.0,211117.0,0.0,0.0,2310.0
MELON,SUISSE,0,356488,610926,1280131,928499,1099571,2780649,3484341,4012547,2666745,2032817,2421344.0,3870258.0,5859774.375,1653262.0,0.0,0.0,0.0,1964553.55,281440.5,1633557.79,0.0,0.0,173320.0,0,64816,80356,141007,138120,126989,347573,435382,634233,187220,210928,252003,412644.8,734526.0,249339.0,0.0,0.0,0.0,217428.32,48710.0,167099.2,0.0,0.0,14825.0
MELON,TERRITOIRE PALESTINIEN OCCUPE,0,0,0,0,0,0,0,0,0,0,0,0.0,0.0,0.0,0.0,0.0,0.0,0.0,116083.0,0.0,0.0,0.0,0.0,0.0,0,0,0,0,0,0,0,0,0,0,0,0,0.0,0.0,0.0,0.0,0.0,0.0,5000.0,0.0,0.0,0.0,0.0,0.0
MELON,TOGO,0,0,0,0,0,0,0,0,0,0,0,0.0,0.0,0.0,0.0,0.0,0.0,10221.0,0.0,0.0,0.0,0.0,0.0,0.0,0,0,0,0,0,0,0,0,0,0,0,0,0.0,0.0,0.0,0.0,0.0,500.0,0.0,0.0,0.0,0.0,0.0,0.0
MELON,TURQUIE,0,0,0,0,0,0,0,0,0,0,0,0.0,0.0,0.0,0.0,0.0,0.0,0.0,0.0,0.0,0.0,0.0,3300.0,7715.88,0,0,0,0,0,0,0,0,0,0,0,0,0.0,0.0,0.0,0.0,0.0,0.0,0.0,0.0,0.0,0.0,50.0,190.0
MELON,UKRAINE,0,0,0,0,0,0,0,0,0,0,0,0.0,0.0,0.0,0.0,0.0,83861.41,0.0,0.0,0.0,0.0,0.0,0.0,0.0,0,0,0,0,0,0,0,0,0,0,0,0,0.0,0.0,0.0,0.0,4500.0,0.0,0.0,0.0,0.0,0.0,0.0,0.0
TOMATE,ALGERIE,0,0,0,0,0,0,0,0,110,0,0,0.0,0.0,0.0,0.0,0.0,0.0,0.0,0.0,0.0,0.0,0.0,0.0,0.0,0,0,0,0,0,0,0,0,53,0,0,0,0.0,0.0,0.0,0.0,0.0,0.0,0.0,0.0,0.0,0.0,0.0,0.0
TOMATE,ALLEMAGNE,4836,16980,0,36,1929560,2278990,203473,0,0,3296774,3981052,2425417.0,1551385.0,93744.0,27.0,0.0,21338.0,127.0,16.0,157.0,0.0,0.0,0.0,999.9200000000001,54,923,0,12,60858,65016,7366,0,0,81150,120000,78426,50475.0,2420.75,1.6,0.0,178.408,2.65,0.65,8.370000000000001,0.0,0.0,0.0,43.64
TOMATE,ARABIE SAOUDITE,0,0,0,306,140690,112442,87463,0,0,189194,141942,137257.0,0.0,465.0,0.0,0.0,0.0,0.0,0.0,0.0,0.0,8956.0,2427248.0,0.0,0,0,0,103,3000,3000,3000,0,0,4200,3000,3000,0.0,42.6,0.0,0.0,0.0,0.0,0.0,0.0,0.0,315.0,190543.0,0.0
TOMATE,AUSTRALIE,0,0,0,0,0,0,0,0,0,0,0,0.0,0.0,2778.0,0.0,0.0,0.0,0.0,0.0,0.0,0.0,0.0,0.0,0.0,0,0,0,0,0,0,0,0,0,0,0,0,0.0,59.0,0.0,0.0,0.0,0.0,0.0,0.0,0.0,0.0,0.0,0.0
TOMATE,AUTRES PAYS,0,0,0,0,0,0,0,0,0,0,0,0.0,0.0,0.0,0.0,0.0,0.0,0.0,62899.2,330221.0,0.0,133660.6,374471.0,300259.44,0,0,0,0,0,0,0,0,0,0,0,0,0.0,0.0,0.0,0.0,0.0,0.0,7843.48,41179.4,0.0,16667.82,46697.55,37257.48
TOMATE,AVITAILLEMENT,1447,393,0,386,0,0,41972,0,0,25830,81880,0.0,0.0,1020.0,0.0,621430.77,92099.6,193409.2,518918.9,243735.0,94350.8,0.0,0.0,281.0,138,40,0,42,0,0,1317,0,0,2906,7424,0,0.0,68.0,0.0,104132.6,20118.0,23614.6,64843.172,30395.26,11767.52,0.0,0.0,10.0
TOMATE,BAHREIN,0,0,0,0,0,0,0,0,0,0,0,0.0,0.0,449.0,1115.0,0.0,0.0,0.0,97.0,0.0,27764.0,0.0,0.0,0.0,0,0,0,0,0,0,0,0,0,0,0,0,0.0,60.0,52.0,0.0,0.0,0.0,2.19,0.0,1404.72,0.0,0.0,0.0
TOMATE,BELGIQUE,0,0,0,41386,158850,498022,1090554,2039914,2556900,2864782,2447596,2146045.0,1968044.21,1838258.1400000001,3241319.19,1934299.1800000002,2517806.42,1417455.55,914449.0,1277590.0,3112676.0,3348322.0,4210474.0,3995920.0,0,0,0,9792,6029,16534,30516,63431,66220,88831,74885,70482,70045.72,58696.56,105800.16,89052.56,103707.6,66272.94,45567.0,63985.68,156841.5,157475.9,156449.1,125040.38
TOMATE,BRESIL,0,0,0,0,0,0,0,0,0,0,0,0.0,0.0,0.0,0.0,0.0,0.0,42.59,0.0,0.0,0.0,0.0,0.0,0.0,0,0,0,0,0,0,0,0,0,0,0,0,0.0,0.0,0.0,0.0,0.0,9.79,0.0,0.0,0.0,0.0,0.0,0.0
TOMATE,BURKINA FASO,0,0,0,0,0,0,0,0,0,0,0,0.0,9042.0,0.0,0.0,0.0,0.0,0.0,82920.0,0.0,0.0,0.0,0.0,0.0,0,0,0,0,0,0,0,0,0,0,0,0,1476.0,0.0,0.0,0.0,0.0,0.0,3902.8,0.0,0.0,0.0,0.0,0.0
TOMATE,CAMEROUN,0,0,0,0,0,0,0,0,0,0,0,0.0,14245.0,0.0,0.0,0.0,400.0,0.0,0.0,717894.0,0.0,0.0,0.0,0.0,0,0,0,0,0,0,0,0,0,0,0,0,960.0,0.0,0.0,0.0,600.0,0.0,0.0,33005.0,0.0,0.0,0.0,0.0
TOMATE,CANADA,1597562,372141,43,610361,1324360,600764,3792,121925,105579,14494,258854,2406727.0,1329420.43,806536.85,65959.15,475061.0,15047.0,282879.0,447814.62,251630.13,401474.0,308583.0,735039.0,911967.0,47000,9218,1,22040,44579,20000,193,5822,6221,670,11143,86336,43261.195999999996,26752.18,3251.08,21707.57,577.2,14953.28,26789.559999999998,10538.33,20617.62,14230.56,24780.48,31413.6
TOMATE,CAP-VERT,0,0,0,0,0,0,0,0,0,0,0,0.0,0.0,0.0,0.0,32.0,0.0,0.0,0.0,0.0,0.0,0.0,0.0,0.0,0,0,0,0,0,0,0,0,0,0,0,0,0.0,0.0,0.0,4.8,0.0,0.0,0.0,0.0,0.0,0.0,0.0,0.0
TOMATE,CHILI,0,0,0,0,0,0,0,0,0,0,0,0.0,0.0,0.0,0.0,0.0,0.0,0.0,0.0,0.0,0.0,371842.0,0.0,0.0,0,0,0,0,0,0,0,0,0,0,0,0,0.0,0.0,0.0,0.0,0.0,0.0,0.0,0.0,0.0,38231.0,0.0,0.0
TOMATE,CHINE,0,0,0,9667,40128,0,0,0,0,0,0,0.0,0.0,0.0,0.0,0.0,0.0,0.0,0.0,0.0,0.0,0.0,0.0,0.0,0,0,0,409,1493,0,0,0,0,0,0,0,0.0,0.0,0.0,0.0,0.0,0.0,0.0,0.0,0.0,0.0,0.0,0.0
TOMATE,CHYPRE,0,0,0,0,0,0,0,0,0,0,0,0.0,0.0,0.0,0.0,0.0,0.0,0.0,0.0,0.0,0.0,575.0,0.0,0.0,0,0,0,0,0,0,0,0,0,0,0,0,0.0,0.0,0.0,0.0,0.0,0.0,0.0,0.0,0.0,7.2,0.0,0.0
TOMATE,COMORES,0,0,0,0,0,0,5056,0,0,0,0,0.0,0.0,0.0,0.0,0.0,0.0,0.0,0.0,0.0,0.0,0.0,0.0,0.0,0,0,0,0,0,0,540,0,0,0,0,0,0.0,0.0,0.0,0.0,0.0,0.0,0.0,0.0,0.0,0.0,0.0,0.0
TOMATE,COTE D'IVOIRE,0,130428,518473,1105967,203409,94556,0,0,0,0,0,0.0,0.0,0.0,0.0,8155.0,200.0,5.0,0.0,0.0,0.0,0.0,0.0,721.0,0,3000,15000,30000,6000,3000,0,0,0,0,0,0,0.0,0.0,0.0,792.0,2.0,0.3,0.0,0.0,0.0,0.0,0.0,8.656
TOMATE,EGYPTE,0,0,0,0,0,0,615897,250735,258666,676599,786355,214037.0,2162159.3,99300.0,1820441.0,0.0,0.0,205125.0,945796.0,0.0,0.0,0.0,0.0,4803.0,0,0,0,0,0,0,20000,10000,11025,21000,17650,6000,166280.0,1500.0,142080.0,0.0,0.0,13500.0,93078.6,0.0,0.0,0.0,0.0,75.0
TOMATE,EL SALVADOR,0,850554,0,0,0,0,0,0,0,0,0,0.0,0.0,0.0,0.0,0.0,0.0,0.0,0.0,0.0,0.0,0.0,0.0,0.0,0,20000,0,0,0,0,0,0,0,0,0,0,0.0,0.0,0.0,0.0,0.0,0.0,0.0,0.0,0.0,0.0,0.0,0.0
TOMATE,EMIRATS ARABES UNIS,0,0,0,0,0,0,0,0,0,63,0,0.0,0.0,69651.0,2399.0,0.0,23.0,32.0,1550.0,0.0,0.0,0.0,133174.0,0.0,0,0,0,0,0,0,0,0,0,4,0,0,0.0,522.52,41.0,0.0,15.0,4.0,18.11,0.0,0.0,0.0,5687.04,0.0
TOMATE,ESPAGNE,0,3254587,9162520,0,0,522467,1467532,230680,5369119,645547,251768,77301.0,373986.61,1047344.8,829603.92,1379241.0,754309.73,1904583.9,1909906.0,1982432.0,4181144.0,4510856.0,4854990.0,7060637.725,0,120000,360000,0,0,19000,62027,13671,194830,36401,11685,3742,18185.04,54088.16,38816.88,65397.98,36120.504,94007.95,90192.09000000001,96660.8,204133.58,203957.96,216569.81,315103.17
TOMATE,ETATS-UNIS,36275136,11145135,9864490,15728111,51628700,47869512,24109182,54630885,21535914,25647323,23775753,17143603.0,10465879.64,224.0,583667.0,77289.0,46475.0,57696.7,115.0,12861.0,112330.0,70507.65,151873.0,276060.0,1034400,320000,274412,522000,1886407,1768224,912000,2310001,827360,755418,678150,533738,302000.0,39.05,18062.0,3660.05,2151.43,3020.78,1.3,632.72,5408.88,3473.88,5651.34,9762.81
TOMATE,FEDERATION DE RUSSIE,0,0,0,1440,0,0,0,0,0,7398342,1996584,0.0,0.0,0.0,269396.0,532355.0,131956.0,32328.0,174978.0,166111.0,169405.0,86719.0,350752.0,60766.0,0,0,0,137,0,0,0,0,0,221000,60000,0,0.0,0.0,44928.0,90063.5,22464.0,5882.76,32355.18,31374.72,33334.64,16707.71,62759.44,8974.14
TOMATE,FRANCE,1049416,613207,305002,1389896,594342,4668460,10045471,21811339,38420606,38305109,31030444,36045986.0,32634806.03,32878118.75,29798022.86,33502191.0,39175275.32,76406934.03999999,100664941.03,96962170.71,63876610.271000005,98165480.648,100474825.94,96597510.0,37467,20880,10599,198422,18466,156416,242001,539980,981432,1034176,795851,863778,784043.528,758954.4600000001,730473.79,801421.27,1001345.8200000001,1965033.82,2585878.4,2654461.15,1688705.6700000002,2677004.34,2875166.281,2545673.01
TOMATE,GABON,0,0,0,0,0,0,0,0,0,0,0,0.0,0.0,829210.0,81328.0,101168.0,0.0,0.0,421241.0,0.0,0.0,0.0,0.0,0.0,0,0,0,0,0,0,0,0,0,0,0,0,0.0,71709.5,3456.0,4647.84,0.0,0.0,16810.0,0.0,0.0,0.0,0.0,0.0
TOMATE,GAMBIE,0,0,0,0,0,0,0,0,325488,0,0,0.0,0.0,0.0,0.0,0.0,0.0,0.0,3556.0,0.0,0.0,728.0,1902.0,2577.0,0,0,0,0,0,0,0,0,35480,0,0,0,0.0,0.0,0.0,0.0,0.0,0.0,240.0,0.0,0.0,8.64,25.23,42.29
TOMATE,GHANA,0,0,800435,0,0,0,0,0,0,0,0,0.0,0.0,0.0,1093002.0,0.0,0.0,0.0,0.0,138.0,0.0,0.0,587.0,2848.0,0,0,128000,0,0,0,0,0,0,0,0,0,0.0,0.0,133245.0,0.0,0.0,0.0,0.0,3.95,0.0,0.0,9.6,50.4
TOMATE,GRECE,0,0,0,0,0,0,0,0,0,0,0,0.0,0.0,0.0,0.0,0.0,0.0,0.0,0.0,0.0,0.0,0.0,0.0,1935.1,0,0,0,0,0,0,0,0,0,0,0,0,0.0,0.0,0.0,0.0,0.0,0.0,0.0,0.0,0.0,0.0,0.0,156.0
TOMATE,GUADELOUPE,0,0,0,0,0,609042,0,0,0,0,0,0.0,0.0,0.0,0.0,0.0,0.0,0.0,0.0,0.0,0.0,0.0,0.0,0.0,0,0,0,0,0,19000,0,0,0,0,0,0,0.0,0.0,0.0,0.0,0.0,0.0,0.0,0.0,0.0,0.0,0.0,0.0
TOMATE,GUINEE,0,0,0,128024,0,0,0,1116331,0,1443480,0,0.0,0.0,0.0,206936.0,0.0,0.0,6432.0,359987.0,0.0,3278627.0,418850.0,336346.0,0.0,0,0,0,11854,0,0,0,141897,0,154401,0,0,0.0,0.0,9868.4,0.0,0.0,879.9,16974.0,0.0,363571.0,31411.2,19940.5,0.0
TOMATE,GUINEE EQUATORIALE,0,0,0,0,0,0,1101,0,0,10281,0,0.0,0.0,0.0,47955.0,0.0,0.0,0.0,0.0,0.0,0.0,0.0,0.0,0.0,0,0,0,0,0,0,48,0,0,492,0,0,0.0,0.0,1113.6,0.0,0.0,0.0,0.0,0.0,0.0,0.0,0.0,0.0
TOMATE,HONGRIE,0,0,0,0,0,0,0,0,0,0,0,0.0,0.0,0.0,0.0,0.0,0.0,0.0,0.0,81.0,0.0,0.0,0.0,0.0,0,0,0,0,0,0,0,0,0,0,0,0,0.0,0.0,0.0,0.0,0.0,0.0,0.0,3.95,0.0,0.0,0.0,0.0
TOMATE,INDE,0,0,0,0,0,0,0,0,0,0,0,0.0,0.0,0.0,0.0,0.0,0.0,0.0,0.0,0.0,0.0,468.0,0.0,0.0,0,0,0,0,0,0,0,0,0,0,0,0,0.0,0.0,0.0,0.0,0.0,0.0,0.0,0.0,0.0,6.0,0.0,0.0
TOMATE,ITALIE,55615,236970,823258,609006,381136,307708,2355878,72254,178555,497,375356,969828.0,21882.0,23051.0,0.0,341178.0,30.0,0.0,339651.0,3308.0,0.0,631361.0,0.0,857.0,1973,39495,10192,8480,5672,4832,284143,1029,20240,6,8554,15920,800.0,800.0,0.0,13537.48,1.0,0.0,6698.7300000000005,67.2,0.0,28461.12,0.0,9.6
TOMATE,JAPON,29509099,22975952,17690373,24622483,15948498,18401392,18637666,16746368,13021905,14421852,15077282,12979396.0,19964882.1,0.0,0.0,28.0,0.0,0.0,0.0,0.0,0.0,0.0,0.0,0.0,700000,496975,396025,570000,390000,470000,470000,460775,370000,340000,360000,320000,446625.0,0.0,0.0,1.8,0.0,0.0,0.0,0.0,0.0,0.0,0.0,0.0
TOMATE,JORDANIE,0,0,0,0,0,0,0,0,0,0,0,0.0,642916.0,0.0,0.0,0.0,0.0,0.0,0.0,0.0,0.0,0.0,0.0,0.0,0,0,0,0,0,0,0,0,0,0,0,0,49574.4,0.0,0.0,0.0,0.0,0.0,0.0,0.0,0.0,0.0,0.0,0.0
TOMATE,KENYA,1584,0,0,0,0,0,0,0,0,0,0,0.0,0.0,0.0,0.0,0.0,0.0,0.0,0.0,0.0,0.0,0.0,0.0,0.0,140,0,0,0,0,0,0,0,0,0,0,0,0.0,0.0,0.0,0.0,0.0,0.0,0.0,0.0,0.0,0.0,0.0,0.0
TOMATE,LA REPUBLIQUE DEMOCRATIQUE DU CONGO,0,0,0,10384,0,0,0,0,0,0,0,0.0,0.0,0.0,0.0,0.0,0.0,0.0,0.0,0.0,0.0,0.0,0.0,0.0,0,0,0,700,0,0,0,0,0,0,0,0,0.0,0.0,0.0,0.0,0.0,0.0,0.0,0.0,0.0,0.0,0.0,0.0
TOMATE,LIBERIA,0,0,0,0,0,0,0,0,0,0,0,0.0,0.0,0.0,0.0,0.0,0.0,0.0,0.0,0.0,16432.0,9934.0,12001.0,191.0,0,0,0,0,0,0,0,0,0,0,0,0,0.0,0.0,0.0,0.0,0.0,0.0,0.0,0.0,2740.26,1759.8,1773.08,1.6
TOMATE,LIBYE,0,0,550,0,0,0,0,0,50,20,0,0.0,0.0,0.0,0.0,23588.0,0.0,0.0,194.0,0.0,0.0,0.0,0.0,0.0,0,0,89,0,0,0,0,0,10,10,0,0,0.0,0.0,0.0,1872.0,0.0,0.0,4324.08,0.0,0.0,0.0,0.0,0.0
TOMATE,MADAGASCAR,0,153000,0,0,0,0,0,0,0,0,0,0.0,0.0,0.0,0.0,0.0,0.0,0.0,0.0,0.0,0.0,0.0,0.0,0.0,0,15300,0,0,0,0,0,0,0,0,0,0,0.0,0.0,0.0,0.0,0.0,0.0,0.0,0.0,0.0,0.0,0.0,0.0
TOMATE,MALI,0,0,0,0,0,0,0,0,2024,0,6705,6465.0,179360.0,15712.0,30702.0,0.0,0.0,16723.0,156991.0,372644.0,103255.0,3681.0,811.0,0.0,0,0,0,0,0,0,0,0,255,0,561,528,15837.0,1045.2,2220.6,0.0,0.0,1070.8,7410.0,23160.0,9200.0,300.0,132.0,0.0
TOMATE,MAURICE,0,0,0,0,762,20011,0,0,0,0,0,0.0,0.0,0.0,0.0,0.0,0.0,0.0,0.0,0.0,0.0,0.0,0.0,0.0,0,0,0,0,68,1657,0,0,0,0,0,0,0.0,0.0,0.0,0.0,0.0,0.0,0.0,0.0,0.0,0.0,0.0,0.0
TOMATE,MAURITANIE,0,0,0,0,0,0,0,112625,176991,0,9456,63515.0,60079.0,1969.0,0.0,21480.0,17400.0,52026.0,291510.6,20248.0,82617.0,250651.474,152190.275,367440.948,0,0,0,0,0,0,0,12925,30139,0,757,4250,6404.0,39.6,0.0,1044.0,2700.0,2945.0,12173.48,437.0,3902.88,11362.14,6628.48,11542.49
TOMATE,MAYOTTE,0,0,0,0,0,0,0,0,0,0,0,0.0,0.0,0.0,0.0,0.0,0.0,0.0,0.0,1000.0,0.0,0.0,0.0,0.0,0,0,0,0,0,0,0,0,0,0,0,0,0.0,0.0,0.0,0.0,0.0,0.0,0.0,980.46,0.0,0.0,0.0,0.0
TOMATE,MONACO,0,0,0,0,0,0,0,0,0,0,0,0.0,0.0,0.0,12.0,0.0,0.0,86.0,88272.0,107879.0,36027.0,0.0,0.0,0.0,0,0,0,0,0,0,0,0,0,0,0,0,0.0,0.0,0.4,0.0,0.0,12.0,1624.0,2190.0,748.0,0.0,0.0,0.0
TOMATE,NIGER,0,0,0,0,0,504021,132598,0,0,0,0,0.0,0.0,0.0,0.0,11563.0,0.0,1445.42,972.0,1195.0,252947.0,1811.0,12563.0,17330.0,0,0,0,0,0,56873,14837,0,0,0,0,0,0.0,0.0,0.0,960.0,0.0,40.0,130.0,2522.49,5712.0,184.0,1334.24,1395.0
TOMATE,NIGERIA,0,0,0,0,0,0,0,0,586332,0,0,0.0,0.0,0.0,0.0,0.0,0.0,0.0,0.0,0.0,0.0,0.0,216.0,0.0,0,0,0,0,0,0,0,0,20000,0,0,0,0.0,0.0,0.0,0.0,0.0,0.0,0.0,0.0,0.0,0.0,2.4,0.0
TOMATE,NORVEGE,0,1164614,606850,0,0,0,0,177421,1796043,5104144,1341424,0.0,1393413.6,0.0,0.0,0.0,0.0,0.0,0.0,0.0,0.0,0.0,0.0,0.0,0,40000,20000,0,0,0,0,6000,60000,160000,40000,0,40000.0,0.0,0.0,0.0,0.0,0.0,0.0,0.0,0.0,0.0,0.0,0.0
TOMATE,PARAGUAY,0,0,0,0,0,0,0,0,0,0,0,0.0,0.0,0.0,0.0,0.0,0.0,0.0,44.0,0.0,0.0,0.0,0.0,0.0,0,0,0,0,0,0,0,0,0,0,0,0,0.0,0.0,0.0,0.0,0.0,0.0,4.6,0.0,0.0,0.0,0.0,0.0
TOMATE,PAYS-BAS,0,0,107315,0,0,0,0,0,0,226,0,54746.0,1428.0,23182.0,0.0,232012.0,0.0,0.0,0.0,0.0,18041.0,0.0,69272.32,366100.0,0,0,16160,0,0,0,0,0,0,10,0,1502,72.0,341.0,0.0,11905.2,0.0,0.0,0.0,0.0,1920.0,0.0,2291.4,12697.2
TOMATE,PHILIPPINES,0,0,0,0,0,0,0,0,0,0,0,0.0,0.0,0.0,0.0,0.0,0.0,0.0,0.0,0.0,0.0,0.0,15992.0,0.0,0,0,0,0,0,0,0,0,0,0,0,0,0.0,0.0,0.0,0.0,0.0,0.0,0.0,0.0,0.0,0.0,1885.5,0.0
TOMATE,PORTUGAL,0,0,0,0,0,0,65240,1660122,6499054,0,0,0.0,0.0,0.0,0.0,0.0,0.0,0.0,0.0,0.0,0.0,0.0,0.0,0.0,0,0,0,0,0,0,4344,60000,232000,0,0,0,0.0,0.0,0.0,0.0,0.0,0.0,0.0,0.0,0.0,0.0,0.0,0.0
TOMATE,PROVINCE DE CHINE TAIWAN,0,0,0,300435,0,0,0,0,0,0,0,0.0,0.0,0.0,0.0,0.0,0.0,0.0,0.0,0.0,0.0,0.0,0.0,0.0,0,0,0,7000,0,0,0,0,0,0,0,0,0.0,0.0,0.0,0.0,0.0,0.0,0.0,0.0,0.0,0.0,0.0,0.0
TOMATE,QATAR,0,0,0,0,0,0,0,0,0,0,0,0.0,0.0,0.0,0.0,0.0,0.0,0.0,0.0,0.0,10993.0,0.0,0.0,0.0,0,0,0,0,0,0,0,0,0,0,0,0,0.0,0.0,0.0,0.0,0.0,0.0,0.0,0.0,543.6,0.0,0.0,0.0
TOMATE,REPUBLIQUE ARABE SYRIENNE,0,0,0,0,50,0,323597,163412,0,0,0,0.0,0.0,0.0,0.0,0.0,0.0,0.0,0.0,0.0,0.0,0.0,0.0,0.0,0,0,0,0,4,0,10000,5000,0,0,0,0,0.0,0.0,0.0,0.0,0.0,0.0,0.0,0.0,0.0,0.0,0.0,0.0
TOMATE,REPUBLIQUE BOLIVARIENNE DU VENEZUELA,0,0,0,0,0,0,0,0,0,0,0,0.0,0.0,0.0,0.0,0.0,0.0,0.0,0.0,0.0,0.0,21118.0,0.0,43552.0,0,0,0,0,0,0,0,0,0,0,0,0,0.0,0.0,0.0,0.0,0.0,0.0,0.0,0.0,0.0,978.6,0.0,1548.6
TOMATE,REPUBLIQUE DE COREE,156701,134580,124619,66527,62582,93935,124609,58474,63315,120447,70040,0.0,0.0,0.0,0.0,0.0,0.0,0.0,0.0,0.0,0.0,0.0,0.0,0.0,4000,3000,3000,2000,2000,3000,4050,2000,2000,3500,2000,0,0.0,0.0,0.0,0.0,0.0,0.0,0.0,0.0,0.0,0.0,0.0,0.0
TOMATE,ROYAUME-UNI,0,186595,1733606,2163193,3200125,1250917,4506553,3126739,4556333,5733297,7284218,6586696.0,3888414.0,1102826.0,4779605.0,7505236.0,7672893.0,9879637.0,12252739.685,11735739.0,6361756.009,11306879.0,22194949.0,23656589.0,0,7000,63000,82000,98041,40025,140007,101396,172372,222461,220007,210000,100004.0,29574.739999999998,110094.0,178157.2,171376.0,220524.0,271532.0,273459.0,149033.0,296934.32,552425.0,580785.0
TOMATE,SAO TOME-ET-PRINCIPE,0,0,0,0,0,0,0,0,734,0,0,0.0,0.0,0.0,0.0,0.0,0.0,0.0,0.0,0.0,0.0,0.0,0.0,0.0,0,0,0,0,0,0,0,0,12,0,0,0,0.0,0.0,0.0,0.0,0.0,0.0,0.0,0.0,0.0,0.0,0.0,0.0
TOMATE,SENEGAL,161506,438746,2607681,6620970,784975,6833324,3157787,2504790,630292,1056689,1619650,0.0,0.0,2210.0,328348.0,450.0,0.0,204.15,180.0,490.0,0.0,1745.0,809.0,312409.0,17952,42383,344122,704252,79285,552226,249338,287886,68544,166591,266604,0,0.0,40.0,33960.0,90.0,0.0,36.3,7.0,17.89,0.0,127.79,10.2,24040.8
TOMATE,SIERRA LEONE,0,0,0,0,0,0,0,0,0,0,0,0.0,0.0,0.0,0.0,0.0,0.0,0.0,0.0,0.0,0.0,0.0,0.0,92.0,0,0,0,0,0,0,0,0,0,0,0,0,0.0,0.0,0.0,0.0,0.0,0.0,0.0,0.0,0.0,0.0,0.0,0.4
TOMATE,SINGAPOUR,0,0,0,0,0,0,0,0,0,0,0,0.0,0.0,0.0,0.0,0.0,0.0,0.0,0.0,0.0,0.0,0.0,0.0,2098.0,0,0,0,0,0,0,0,0,0,0,0,0,0.0,0.0,0.0,0.0,0.0,0.0,0.0,0.0,0.0,0.0,0.0,21.35
TOMATE,SOMALIE,0,0,0,0,0,0,0,0,0,0,0,0.0,0.0,0.0,0.0,0.0,0.0,0.0,0.0,0.0,121029.0,0.0,0.0,0.0,0,0,0,0,0,0,0,0,0,0,0,0,0.0,0.0,0.0,0.0,0.0,0.0,0.0,0.0,14100.0,0.0,0.0,0.0
TOMATE,SUISSE,0,0,0,0,0,0,0,0,0,0,0,0.0,0.0,0.0,0.0,0.0,415.0,0.0,0.0,0.0,0.0,0.0,0.0,0.0,0,0,0,0,0,0,0,0,0,0,0,0,0.0,0.0,0.0,0.0,15.12,0.0,0.0,0.0,0.0,0.0,0.0,0.0
TOMATE,TCHAD,0,0,0,0,0,0,0,0,0,0,0,0.0,0.0,0.0,0.0,0.0,0.0,7200.0,37452.0,0.0,0.0,0.0,0.0,0.0,0,0,0,0,0,0,0,0,0,0,0,0,0.0,0.0,0.0,0.0,0.0,240.0,1968.0,0.0,0.0,0.0,0.0,0.0
TOMATE,TOGO,0,0,0,0,0,0,50,0,0,364030,0,0.0,0.0,0.0,0.0,0.0,0.0,0.0,946.0,3847.0,0.0,0.0,0.0,0.0,0,0,0,0,0,0,0,0,0,35482,0,0,0.0,0.0,0.0,0.0,0.0,0.0,125.7,590.79,0.0,0.0,0.0,0.0
TOMATE,TUNISIE,0,33200,0,51900,51900,53400,90000,90000,90000,81240,0,247262.0,0.0,0.0,0.0,0.0,0.0,0.0,0.0,0.0,113536.0,0.0,0.0,0.0,0,1000,0,1500,1500,1500,2500,2500,2500,2000,0,16200,0.0,0.0,0.0,0.0,0.0,0.0,0.0,0.0,17850.0,0.0,0.0,0.0
TOMATE,TURQUIE,0,0,0,0,0,0,0,0,0,366318,1094876,736554.0,722284.0,0.0,0.0,0.0,0.0,0.0,54.0,0.0,0.0,0.0,0.0,2148.03,0,0,0,0,0,0,0,0,0,12000,36000,24000,21000.0,0.0,0.0,0.0,0.0,0.0,235.0,0.0,0.0,0.0,0.0,106.0
